select first_category_id, first_category_name from first_category
select * from first_category;



DROP TABLE PRODUCT;
DROP TABLE THIRD_CATEGORY;
DROP TABLE SECOND_CATEGORY;
DROP TABLE FIRST_CATEGORY;
CREATE TABLE FIRST_CATEGORY(
	FIRST_CATEGORY_ID VARCHAR2(20) PRIMARY KEY,
	FIRST_CATEGORY_NAME VARCHAR2(100) NOT NULL
);

CREATE TABLE SECOND_CATEGORY(
	SECOND_CATEGORY_ID VARCHAR2(20) PRIMARY KEY,
	SECOND_CATEGORY_NAME VARCHAR2(100) NOT NULL,
	FIRST_CATEGORY_ID VARCHAR2(20)  NOT NULL,
	CONSTRAINT FIRST_FK_SECOND FOREIGN KEY (FIRST_CATEGORY_ID) REFERENCES FIRST_CATEGORY(FIRST_CATEGORY_ID)
);
   
CREATE TABLE THIRD_CATEGORY(
	THIRD_CATEGORY_ID VARCHAR2(20) PRIMARY KEY,
	THIRD_CATEGORY_NAME VARCHAR2(100) NOT NULL,
	SECOND_CATEGORY_ID VARCHAR2(20)  NOT NULL,
	CONSTRAINT SECOND_FK_THIRD FOREIGN KEY (SECOND_CATEGORY_ID) REFERENCES SECOND_CATEGORY(SECOND_CATEGORY_ID)
);
drop table product cascade constraint;
CREATE TABLE PRODUCT(
	PRODUCT_ID VARCHAR2(20) PRIMARY KEY,
	PRODUCT_NAME VARCHAR2(100) NOT NULL,
	PRODUCT_PRICE NUMBER NOT NULL,
	PRODUCT_MAKER VARCHAR2(50) NOT NULL,
	PRODUCT_INFO VARCHAR2(4000) NOT NULL,
	THIRD_CATEGORY_ID VARCHAR2(20) NOT NULL,
	CONSTRAINT PRODUCT_FK_THIRD_CATEGORY FOREIGN KEY (THIRD_CATEGORY_ID) REFERENCES THIRD_CATEGORY(THIRD_CATEGORY_ID)
)
;

INSERT INTO FIRST_CATEGORY (FIRST_CATEGORY_ID, FIRST_CATEGORY_NAME) VALUES('F-1',  '컴퓨터');
INSERT INTO FIRST_CATEGORY (FIRST_CATEGORY_ID, FIRST_CATEGORY_NAME) VALUES('F-2',  '가전제품');
INSERT INTO FIRST_CATEGORY (FIRST_CATEGORY_ID, FIRST_CATEGORY_NAME) VALUES('F-3',  '휴대용전자제품');

INSERT INTO SECOND_CATEGORY (SECOND_CATEGORY_ID,  SECOND_CATEGORY_NAME, FIRST_CATEGORY_ID) VALUES ('S-1', '데스크탑', 'F-1' );
INSERT INTO SECOND_CATEGORY (SECOND_CATEGORY_ID,  SECOND_CATEGORY_NAME, FIRST_CATEGORY_ID) VALUES ('S-2', '노트북', 'F-1' );
INSERT INTO SECOND_CATEGORY (SECOND_CATEGORY_ID,  SECOND_CATEGORY_NAME, FIRST_CATEGORY_ID) VALUES ('S-3', '메모리', 'F-1' );
INSERT INTO SECOND_CATEGORY (SECOND_CATEGORY_ID,  SECOND_CATEGORY_NAME, FIRST_CATEGORY_ID) VALUES ('S-4', 'TV', 'F-2' );
INSERT INTO SECOND_CATEGORY (SECOND_CATEGORY_ID,  SECOND_CATEGORY_NAME, FIRST_CATEGORY_ID) VALUES ('S-5', '냉장고', 'F-2' );
INSERT INTO SECOND_CATEGORY (SECOND_CATEGORY_ID,  SECOND_CATEGORY_NAME, FIRST_CATEGORY_ID) VALUES ('S-6', '세탁기', 'F-2' );
INSERT INTO SECOND_CATEGORY (SECOND_CATEGORY_ID,  SECOND_CATEGORY_NAME, FIRST_CATEGORY_ID) VALUES ('S-7', '휴대폰', 'F-3' );
INSERT INTO SECOND_CATEGORY (SECOND_CATEGORY_ID,  SECOND_CATEGORY_NAME, FIRST_CATEGORY_ID) VALUES ('S-8', 'MP3', 'F-3' );

INSERT INTO THIRD_CATEGORY (THIRD_CATEGORY_ID,  THIRD_CATEGORY_NAME, SECOND_CATEGORY_ID) VALUES ('T-1', '삼성', 'S-1' );
INSERT INTO THIRD_CATEGORY (THIRD_CATEGORY_ID,  THIRD_CATEGORY_NAME, SECOND_CATEGORY_ID) VALUES ('T-2', 'LG', 'S-1' );
INSERT INTO THIRD_CATEGORY (THIRD_CATEGORY_ID,  THIRD_CATEGORY_NAME, SECOND_CATEGORY_ID) VALUES ('T-3', 'Apple', 'S-1' );
INSERT INTO THIRD_CATEGORY (THIRD_CATEGORY_ID,  THIRD_CATEGORY_NAME, SECOND_CATEGORY_ID) VALUES ('T-4', '레노버 ', 'S-2' );
INSERT INTO THIRD_CATEGORY (THIRD_CATEGORY_ID,  THIRD_CATEGORY_NAME, SECOND_CATEGORY_ID) VALUES ('T-5', 'Apple', 'S-2' );
INSERT INTO THIRD_CATEGORY (THIRD_CATEGORY_ID,  THIRD_CATEGORY_NAME, SECOND_CATEGORY_ID) VALUES ('T-6', '삼성', 'S-2' );
INSERT INTO THIRD_CATEGORY (THIRD_CATEGORY_ID,  THIRD_CATEGORY_NAME, SECOND_CATEGORY_ID) VALUES ('T-7', 'LG', 'S-2' );
INSERT INTO THIRD_CATEGORY (THIRD_CATEGORY_ID,  THIRD_CATEGORY_NAME, SECOND_CATEGORY_ID) VALUES ('T-8', 'HP', 'S-2' );
INSERT INTO THIRD_CATEGORY (THIRD_CATEGORY_ID,  THIRD_CATEGORY_NAME, SECOND_CATEGORY_ID) VALUES ('T-9', '하이닉스', 'S-3' );
INSERT INTO THIRD_CATEGORY (THIRD_CATEGORY_ID,  THIRD_CATEGORY_NAME, SECOND_CATEGORY_ID) VALUES ('T-10', '삼성전자', 'S-3' );
INSERT INTO THIRD_CATEGORY (THIRD_CATEGORY_ID,  THIRD_CATEGORY_NAME, SECOND_CATEGORY_ID) VALUES ('T-11', 'EKMEMORY', 'S-3' );
INSERT INTO THIRD_CATEGORY (THIRD_CATEGORY_ID,  THIRD_CATEGORY_NAME, SECOND_CATEGORY_ID) VALUES ('T-12', '파브', 'S-4' );
INSERT INTO THIRD_CATEGORY (THIRD_CATEGORY_ID,  THIRD_CATEGORY_NAME, SECOND_CATEGORY_ID) VALUES ('T-13', '인피니아', 'S-4' );
INSERT INTO THIRD_CATEGORY (THIRD_CATEGORY_ID,  THIRD_CATEGORY_NAME, SECOND_CATEGORY_ID) VALUES ('T-14', '브라비아', 'S-4' );
INSERT INTO THIRD_CATEGORY (THIRD_CATEGORY_ID,  THIRD_CATEGORY_NAME, SECOND_CATEGORY_ID) VALUES ('T-15', '지펠', 'S-5' );
INSERT INTO THIRD_CATEGORY (THIRD_CATEGORY_ID,  THIRD_CATEGORY_NAME, SECOND_CATEGORY_ID) VALUES ('T-16', '디오스', 'S-5' );
INSERT INTO THIRD_CATEGORY (THIRD_CATEGORY_ID,  THIRD_CATEGORY_NAME, SECOND_CATEGORY_ID) VALUES ('T-17', '하우젠', 'S-6' );
INSERT INTO THIRD_CATEGORY (THIRD_CATEGORY_ID,  THIRD_CATEGORY_NAME, SECOND_CATEGORY_ID) VALUES ('T-18', '트롬', 'S-6' );
INSERT INTO THIRD_CATEGORY (THIRD_CATEGORY_ID,  THIRD_CATEGORY_NAME, SECOND_CATEGORY_ID) VALUES ('T-19', '클라쎄', 'S-6' );
INSERT INTO THIRD_CATEGORY (THIRD_CATEGORY_ID,  THIRD_CATEGORY_NAME, SECOND_CATEGORY_ID) VALUES ('T-20', 'SKT', 'S-7' );
INSERT INTO THIRD_CATEGORY (THIRD_CATEGORY_ID,  THIRD_CATEGORY_NAME, SECOND_CATEGORY_ID) VALUES ('T-21', 'KTF', 'S-7' );
INSERT INTO THIRD_CATEGORY (THIRD_CATEGORY_ID,  THIRD_CATEGORY_NAME, SECOND_CATEGORY_ID) VALUES ('T-22', 'LGT', 'S-7' );
INSERT INTO THIRD_CATEGORY (THIRD_CATEGORY_ID,  THIRD_CATEGORY_NAME, SECOND_CATEGORY_ID) VALUES ('T-23', '코원', 'S-8' );
INSERT INTO THIRD_CATEGORY (THIRD_CATEGORY_ID,  THIRD_CATEGORY_NAME, SECOND_CATEGORY_ID) VALUES ('T-24', 'Apple', 'S-8' );
INSERT INTO THIRD_CATEGORY (THIRD_CATEGORY_ID,  THIRD_CATEGORY_NAME, SECOND_CATEGORY_ID) VALUES ('T-25', '아이리버', 'S-8' );

INSERT INTO PRODUCT (PRODUCT_ID, PRODUCT_NAME, PRODUCT_PRICE, PRODUCT_MAKER, PRODUCT_INFO, THIRD_CATEGORY_ID)VALUES ('P-1', '매직스테이션 DM-C210-PA01S', 580000, '삼성전자', '인텔 / 펜티엄 / E5400 (2.7GHz) / 2GB / DDR3 / 320GB / DVD 레코더 / 슬림 / 인텔 / GMA X4500 / 기본 메모리 공유 / 1Gbps 유선랜 / 7 홈 프리미엄 / DVI / 멀티 리더기 / 모니터 미포함 / 색상: 블랙', 'T-1');
INSERT INTO PRODUCT (PRODUCT_ID, PRODUCT_NAME, PRODUCT_PRICE, PRODUCT_MAKER, PRODUCT_INFO, THIRD_CATEGORY_ID)VALUES ('P-2', '매직스테이션 DB-R130-PA01S', 545000, '삼성전자','인 텔 / 펜티엄 / E5300 (2.6GHz) / 2GB / DDR2 / 320 GB / DVD 레코더 / 슬림 / 엔비디아 / 지포스 7100 / 기본 메모리 공유 / 1Gbps 유선랜 / 7 홈 프리미엄 / 멀티 리더기 / 모니터 미포함 / 색상: 블랙', 'T-1');
INSERT INTO PRODUCT (PRODUCT_ID, PRODUCT_NAME, PRODUCT_PRICE, PRODUCT_MAKER, PRODUCT_INFO, THIRD_CATEGORY_ID)VALUES ('P-3', 'XPION Mini X30MT-ACA201', 480000, 'LG전자', '인텔 / 아톰 / 230 (1.6GHz) / 2GB / DDR2 / 250GB / 컴팩트 / 엔비디아 / ION / 기본 메모리 공유 / 100Mbps 유선랜 / Vista 홈 베이직 / 모니터 미포함 / 색상: 블랙', 'T-2');
INSERT INTO PRODUCT (PRODUCT_ID, PRODUCT_NAME, PRODUCT_PRICE, PRODUCT_MAKER, PRODUCT_INFO, THIRD_CATEGORY_ID)VALUES ('P-4', 'XPION S30NP-AR5701', 1370000, 'LG전자', '인 텔 / 코어i5 / i5-750 (2.66 GHz) / 3GB / DDR3 / 640GB / DVD 레코더 / 미니타워 / 엔비디아 / 지포스 9600 GT / 512MB / 1Gbps 유선랜 / 7 홈 프리미엄 / 멀티 리더기 / 모니터 미포함', 'T-2');
INSERT INTO PRODUCT (PRODUCT_ID, PRODUCT_NAME, PRODUCT_PRICE, PRODUCT_MAKER, PRODUCT_INFO, THIRD_CATEGORY_ID)VALUES ('P-5', '아이맥 MF886KH/A (일체형)', 2537000, 'Apple', '인텔 / 코어i5-4세대 / 3.5GHz / 쿼드(4)코어 / 8GB / DDR3 / 1TB / (AMD) 라데온 R9 290X / 스피커내장형 / 1Gbps 유선랜 / 802.11ac 무선랜 / 블루투스 / USB 3.0 / 멀티 리더기 / 일체형 / 9.54Kg / Mac OS X Yosemite / LED 백라이트 / 웹캠 / 68cm(27형) / 광시야각 / 썬더볼트 / 5K 해상도 지원', 'T-3');
INSERT INTO PRODUCT (PRODUCT_ID, PRODUCT_NAME, PRODUCT_PRICE, PRODUCT_MAKER, PRODUCT_INFO, THIRD_CATEGORY_ID)VALUES ('P-6', '아이맥 ME088KH/A (일체형)', 1870000, 'Apple', '인텔 / 코어i5-4세대 / 쿼드(4)코어 / 8GB / DDR3 / 1 TB / (엔비디아) 지포스 GT 755M / 스피커내장형 / 1Gbps 유선랜 / 802.11n 무선랜 / 블루투스 / IEEE1394 / 멀티 리더기 / 일체형 / Mac OS / LED 백라이트 / 웹캠 / 68cm(27형) / 2014년형 아이맥', 'T-3');
INSERT INTO PRODUCT (PRODUCT_ID, PRODUCT_NAME, PRODUCT_PRICE, PRODUCT_MAKER, PRODUCT_INFO, THIRD_CATEGORY_ID)VALUES ('P-7', 'SENS NT-R480-PS55A', 1381000, '삼성전자', '인 텔 / 코어i5 / i5-520M (2.4GHz) / LED 백라이트 / 14인치 / 1366x768 / 500GB / 4GB DDR3 / DVD레코더 / 7 홈프리미엄 / 엔비디아 / 지포스 GT 330M / 1GB GDDR3 / 2.3Kg / 6cell / 1Gbps 유선랜 / 802.11n 무선랜 / HDMI / D-SUB / 웹캠 / 블루투스 / e-SATA / 멀티 리더기 / 블록 키보드 / 색상: 레드', 'T-6');
INSERT INTO PRODUCT (PRODUCT_ID, PRODUCT_NAME, PRODUCT_PRICE, PRODUCT_MAKER, PRODUCT_INFO, THIRD_CATEGORY_ID)VALUES ('P-8', 'SENS NT-R530-JA42S', 711000, '삼성전자', '인 텔 / 펜티엄 / T4300 (2.1GHz) / LED 백라이트 / 15.6인치 / 1366x768 / 250GB / 2GB DDR3 / DVD레코더 / 7 홈프리미엄 / 인텔 / GMA 4500MHD / 시스템 메모리 공유 / 2.5Kg / 6cell / 100Mbps 유선랜 / 802.11n 무선랜 / HDMI / D-SUB / 웹캠 / 멀티 리더기 / 숫자 키패드 / 색상: 블랙', 'T-6');
INSERT INTO PRODUCT (PRODUCT_ID, PRODUCT_NAME, PRODUCT_PRICE, PRODUCT_MAKER, PRODUCT_INFO, THIRD_CATEGORY_ID)VALUES ('P-9', 'ThinkPad Edge E320 1298-RK9', 591000, '레노버', '인텔 / 코어i5-2세대 / i5-2450M (2.5GHz) / LED 백라이트 / 13.3인치 / 1366x768 / 320GB / 2GB / DDR3 / 옵션(선택사항) / OS 미포함 / AMD(ATI) / 라데온 HD6630 / 1GB DDR3 / 1.86Kg / 6cell / 1Gbps 유선랜 / 802.11n 무선랜 / 블루투스 3.0 / 웹캠 / HDMI / D-SUB / USB 2.0 / e-SATA / 블록 키보드 / 멀티 리더기 / 색상: 블랙 / 13.3인치 가성비 No.1 ', 'T-4');
INSERT INTO PRODUCT (PRODUCT_ID, PRODUCT_NAME, PRODUCT_PRICE, PRODUCT_MAKER, PRODUCT_INFO, THIRD_CATEGORY_ID)VALUES ('P-10', 'ThinkPad X220 4286-AL8', 1311000, '레노버', '인텔 / 코어i5-2세대 / i5-2520M (2.5GHz) / LED 백라이트 / 눈부심 방지 / 회전 LCD / 광시야각 / 12.5인치 / 1366x768 / 320GB / 4GB / DDR3 / 옵션(선택사항) / 7 프로페셔널 / 인텔 / HD Graphics / 시스템 메모리 공유 / 1.46Kg / 6cell / 802.11n 무선랜 / 1Gbps 유선랜 / 블루투스 3.0 / 웹캠 / 디스플레이 / D-SUB / USB 2.0 / 익스프레스 카드 / 지문 인식 / 방수 키보드 / 멀티 리더기 / IPS패널 / 색상: 블랙 ', 'T-4');
INSERT INTO PRODUCT (PRODUCT_ID, PRODUCT_NAME, PRODUCT_PRICE, PRODUCT_MAKER, PRODUCT_INFO, THIRD_CATEGORY_ID)VALUES ('P-11', 'ThinkPad X220 4286-PH3', 1611000, '레노버', '인텔 / 코어i7-2세대 / i7-2640M (2.8GHz) / 광시야각 / LED 백라이트 / 눈부심 방지 / 회전 LCD / 12.5인치 / 1366x768 / 320GB / 8GB / DDR3 / 옵션(선택사항) / 7 프로페셔널 / 인텔 / HD 3000 / 시스템 메모리 공유 / 1.46Kg / 6cell / 1Gbps 유선랜 / 802.11n 무선랜 / 블루투스 3.0 / 웹캠 / 디스플레이 / D-SUB / USB 2.0 / USB 3.0 / 지문 인식 / 방수 키보드 / 멀티 리더기 / IPS패널 / 색상: 블랙', 'T-4');
INSERT INTO PRODUCT (PRODUCT_ID, PRODUCT_NAME, PRODUCT_PRICE, PRODUCT_MAKER, PRODUCT_INFO, THIRD_CATEGORY_ID)VALUES ('P-12', '시리즈 9 UN32EH6030F', 420000, '삼성', 'LED TV / 81cm(32인치) / 풀HD / 60Hz 스캔 / CMR:240 / 100만:1 명암비 / 3D 하이퍼리얼엔진 / 3D입체영상(셔터) / 2D→3D변환 / 3D안경(1개) / 무선랜(별매) / USB(사진,음악,동영상) / DLNA(유,무선) / HDMI(2개) / USB(1개) / 37W소비전력 / 에너지효율:2등급 / 1년전기요금:13,000원 / 하이글로시 디자인 ', 'T-12');
INSERT INTO PRODUCT (PRODUCT_ID, PRODUCT_NAME, PRODUCT_PRICE, PRODUCT_MAKER, PRODUCT_INFO, THIRD_CATEGORY_ID)VALUES ('P-13', '시리즈 9 UN46F7150AF ', 1520000, '삼성', 'LED TV / 116cm(46인치) / 풀HD / CMR:720 / 100만:1 명암비 / 3D 하이퍼리얼엔진 / 3D입체영상(셔터) / 2D→3D변환 / 3D안경(2개) / 스마트TV / 듀얼코어 / 인터넷 / 영상통화(카메라별매) / 스마트허브(온티비) / 앱스토어 / S추천 / 보이스인터렉션 / 음성인식 / 동작,얼굴,음성인식 / 스마트터치리모컨 / 무선랜(내장) / USB(사진,음악,동영상) / DLNA(유,무선) / WiFi다이렉트 / 스크린미러링 / HDMI(4개) / USB(3개) / 54W소비전력 / 에너지효율:2등급 / 1년전기요금:19,000원 / 두께:3cm ', 'T-12');
INSERT INTO PRODUCT (PRODUCT_ID, PRODUCT_NAME, PRODUCT_PRICE, PRODUCT_MAKER, PRODUCT_INFO, THIRD_CATEGORY_ID)VALUES ('P-14', '시리즈9 UN55HU9000F ', 690000, '삼성','LED TV / 곡면형 / 138cm(55인치) / 울트라HD / CMR:1440 / 3D하이퍼리얼엔진 / 3D입체영상(셔터) / 2D→3D변환 / 3D안경(2개) / 듀얼뷰 / 스마트TV / 쿼드코어+ / 인터넷 / 영상통화(카메라내장) / 스마트허브(온티비) / 앱스토어 / 동작,얼굴,음성인식 / 사커모드 / 무선랜(내장) / USB(사진,음악,동영상) / WiFi다이렉트 / 스크린미러링 / MHL연결 / HDMI(4개) / USB(3개) / 두께:11.1cm / UHD업스케일링 ', 'T-12');
INSERT INTO PRODUCT (PRODUCT_ID, PRODUCT_NAME, PRODUCT_PRICE, PRODUCT_MAKER, PRODUCT_INFO, THIRD_CATEGORY_ID)VALUES ('P-15', '맥북프로 MF840KH/A', 1570000, 'Apple','인텔 / 코어i5-5세대 / 2.7GHz / LED백라이트 / 광시야각 / 베젤없음 / 33.78cm(13.3인치) / 2560x1600 / SSD / 256GB / 8GB / LPDDR3 / ODD 옵션(선택) / Mac OS X Yosemite / 인텔 / Iris 6100 / 시스템메모리공유 / 1.58Kg / 탈착 불가능 / 802.11 n/ac 무선랜 / 블루투스 4.0 / HDMI / 웹캠 / USB 2.0 / USB 3.0 / 썬더볼트 / 멀티 리더기 / 블록 키보드 / 키보드 라이트 / 2015년형', 'T-5');
INSERT INTO PRODUCT (PRODUCT_ID, PRODUCT_NAME, PRODUCT_PRICE, PRODUCT_MAKER, PRODUCT_INFO, THIRD_CATEGORY_ID)VALUES ('P-16', '맥북프로 MF841KH/A', 1846000, 'Apple','인텔 / 코어i5-5세대 / 2.9GHz / LED백라이트 / 광시야각 / 베젤없음 / 33.78cm(13.3인치) / 2560x1600 / SSD / 512GB / 8GB / LPDDR3 / ODD 옵션(선택) / Mac OS X Yosemite / 인텔 / Iris 6100 / 시스템메모리공유 / 1.58Kg / 탈착 불가능 / 802.11 n/ac 무선랜 / 블루투스 4.0 / HDMI / 웹캠 / USB 2.0 / USB 3.0 / 썬더볼트 / 멀티 리더기 / 블록 키보드 / 키보드 라이트 / 2015년형', 'T-5');
INSERT INTO PRODUCT (PRODUCT_ID, PRODUCT_NAME, PRODUCT_PRICE, PRODUCT_MAKER, PRODUCT_INFO, THIRD_CATEGORY_ID)VALUES ('P-17', '맥북프로 MGXC2KH/A', 2376000, 'Apple','인텔 / 코어i7-4세대 / 2.5GHz / LED백라이트 / 광시야각 / 베젤없음 / 39.11cm(15.4인치) / 2880x1800 / SSD / 512GB / 16GB / DDR3L / ODD 옵션(선택) / Mac OS X Mavericks / 엔비디아 / 인텔 / 지포스 GT750M / Iris Pro 5200 / 듀얼 그래픽 / 2GB GDDR5 / 2.02Kg / 리튬 폴리머 / 탈착 불가능 / 802.11 n/ac 무선랜 / 블루투스 4.0 / HDMI / 웹캠 / USB 2.0 / USB 3.0 / 썬더볼트 / 멀티 리더기 / 블록 키보드 / 키보드 라이트 / 하스웰 레티나 맥북프로', 'T-5');
INSERT INTO PRODUCT (PRODUCT_ID, PRODUCT_NAME, PRODUCT_PRICE, PRODUCT_MAKER, PRODUCT_INFO, THIRD_CATEGORY_ID)VALUES ('P-18', '맥북 MF855KH/A', 1468000, 'Apple','인텔 / 코어M / 1.1GHz / LED백라이트 / 광시야각 / 베젤없음 / 30.48cm(12인치) / 2304x1440 / SSD / 256GB / 8GB / LPDDR3 / ODD 옵션(선택) / Mac OS X Yosemite / 인텔 / HD 5300 / 시스템메모리공유 / 920g / 탈착 불가능 / 802.11 n/ac 무선랜 / 블루투스 4.0 / 웹캠 / USB 3.1 / 블록 키보드 / 키보드 라이트 / 색상: 골드 / 레티나 맥북 / 2015년형', 'T-5');
INSERT INTO PRODUCT (PRODUCT_ID, PRODUCT_NAME, PRODUCT_PRICE, PRODUCT_MAKER, PRODUCT_INFO, THIRD_CATEGORY_ID)VALUES ('P-20', 'ThinkPad X1 카본 20A7-A00BKR', 2398000,'레노버', '인텔 / 코어i7-4세대 / i7-4550U (1.5GHz) / LED백라이트 / 광시야각 / 터치스크린 / 35.56cm(14인치) / 2560x1440 / SSD / 512GB / 8GB / DDR3L / ODD 옵션(선택) / 윈도8.1 프로 / 인텔 / HD 5000 / 시스템 메모리 공유 / 1.28Kg / 8cell / 1Gbps 유선랜 / 802.11 n/ac 무선랜 / 블루투스 4.0 / HDMI / DP포트 / 웹캠 / USB 2.0 / USB 3.0 / 블록 키보드 / 키보드 라이트 / 침수지연키보드 / 카메라제스쳐 / 어댑티브키보드 / 색상: 블랙', 'T-4');